Código,Cantidad,Nombre del Producto,Categoria
09-053,1,"ADAPTADOR TIPO C A TIPO C Y AUDIO 3,5MM HEMBRA 09-053",Adaptador
09-057,1,CONECTOR USB TIPO C MACHO A AUDIO 3.5 HEMBRA / MALLADO 09-057,Malla
1TJ09A,1,IMPRESORA A COLOR MULTIFUNCION HP SMART TANK 515 CON WIFI,Conectividad
2,1,CABLE PLUG 3.5 3MTS,Cable
4800,1,LAMPARA PROYECTOR SUNSET C/REMOTO USB 16 COLORES- NEGRO,Luces
8972,1,ESTABILIZADOR DE TENSION ATOMLUX R1000@ 220V 6 TOMAS 1000VA,Estabilizador
91009,1,PASTA GRASA SILICONADA METALICA X 5 CC. SERVEX 91009,Herramienta
9487,1,ADAPTADOR USB WIFI NOGA NG-UW04 DUAL BAND 600MBPS,Adaptador
A01-85607,11,MODULO PANTALLA  A03 / A03s / A02s / A04e  ORIG,Modulo
A01-R474,4,MODULO PANTALLA SAM A10 A105 ORIG,Modulo
A01-R66302,4,MODULO PANTALLA SAM A12 A125F ORIG MULTIVERSION*,Modulo
A01-R66319,1,MODULO PANTALLA SAMSUNG A02 A022F / M12 ORIGINAL SIN MARCO*,Modulo Original
A01-RC662326,3,MODULO PANTALLA SAM A04 SIN MARCO,Modulo
A01-RC66325,2,MODULO PANTALLA SAM A13 A135 4G / M13 ORIG*,Modulo
A01-RC663891,2,MODULO PANTALLA SAM A03 CORE A032F ORIG SIN MARCO,Modulo
A01-RC664788,2,MODULO PANTALLA SAM A12 A127F,Modulo
A01-RC85404,3,MODULO PANTALLA SAM A04E A042 SIN MARCO,Modulo
A01-RC85430,1,MODULO PANTALLA SAM A04S SIN MARCO,Modulo
A01-RC85541,2,MODULO PANTALLA SAM A06 SIN MARCO,Modulo
A02-R486,1,MODULO PANTALLA SAM A50 / A30 OLED SIN MARCO,Modulo
A02-R583,2,MODULO PANTALLA SAM A21S A217 ORIG SIN MARCO,Modulo
A02-RC66300,1,MODULO PANTALLA SAM A22 4G OL CON MARCO,Modulo
A02-RC66362,2,MODULO PANTALLA SAM A20 INC SIN MARCO,Modulo
A02-RC667420,3,MODULO PANTALLA SAM A22 5G OL SIN MARCO,Modulo
A02-RC857325,2,MODULO PANTALLA SAM A23 5G ORIG,Modulo
A03-R513,1,MODULO PANTALLA SAM J4 PLUS J4 CORE J6 PLUS J6CORE,Modulo
A03-R584,1,MODULO PANTALLA SAMS A31 SERVICE PACK,Modulo
A03-R585,2,MODULO PANTALLA SAM A51 A515 OL SIN MARCO*,Modulo
A03-R66279,2,MODULO PANTALLA SAM A31 OL CON MARCO*,Modulo
A03-R66303,2,MODULO PANTALLA SAM J7 PRIME G610 NEGRO S/L,Modulo
A03-RC66384,1,MODULO PANTALLA SAM S21 FE ORIG CON MARCO,Modulo
A03-RC669069,2,MODULO PANTALLA SAM A32 4G OL CON MARCO,Modulo
A03-RC85438,1,MODULO PANTALLA SAMSUNG A32 4G A325 INCELL CON MARCO,Modulo
A03-RC85462,1,MODULO PANTALLA SAM S23 ULTRA ORIG CON MARCO SERVICE PACK,Modulo
A03-RC85463,1,MODULO PANTALLA SAMSUNG S23 ULTRA OLED CON MARCO,Modulo
A03-RC855238,1,MODULO PANTALLA SAMSUNG J6 J600 INCELL,Modulo
A04-RC85431,1,MODULO PANTALLA SAM A54 SERVICE PACK,Modulo
A04-RC85528,2,MODULO PANTALLA SAM A35 A356 INCELL Silver Edition,Modulo
A04-RC85547,1,MODULO PANTALLA SAM A35 A356 SERVICE PACK,Modulo
A05-R457,1,MODULO PANTALLA M G7 / G7 PLUS*,Modulo
A05-R66290,1,MODULO PANTALLA MOTO G9 PLAY / E7 PLUS ORIG SIN MARCO*,Modulo
A05-R66291,2,MODULO PANTALLA MOTO G9 PLUS ORIG,Modulo
A05-R66306,1,MODULO PANTALLA MOTO G9 POWER SIN MARCO,Modulo
A05-RC66351,2,MODULO PANTALLA MOTO G42 ORIG SIN MARCO*,Modulo
A05-RC664176,2,MODULO PANTALLA MOTO G22 / E32 SIN MARCO*,Modulo
A05-RC85419,4,MODULO PANTALLA MOTO G32 ORIG SIN MARCO,Modulo
A05-RC85443,2,MODULO PANTALLA MOTO G13 / G23 SIN MARCO,Modulo
A05-RC85452,4,MODULO PANTALLA MOTO G72 - G52 5G - G82 5G - EDGE 30 - EDGE 2022 ORIG SIN MARCO*,Modulo
A05-RC85506,1,MODULO PANTALLA MO G14 / G54 ORIG SIN MARCO,Modulo
A05-RC85507,3,MODULO PANTALLA MOT G10 / G20 / G30 ORIG SIN MARCO,Modulo
A05-RC85510,2,MODULO PANTALLA  G72 - G52 5G - G82 5G - EDGE 30 -INC,Modulo
A05-RC85535,2,MODULO PANTALLA MO G04 / G24 ORIG SIN MARCO,Modulo
A05-RC85536,1,MODULO PANTALLA MOTO G85 / EDGE 50 FUSION ORIG SIN MARCO,Modulo
A06-R66311,1,MODULO PANTALLA MOTO E7 / E7 POWER / E7I / E7I POWER,Modulo
A06-RC66305,4,MODULO PANTALLA MOTO E40 ORIG SIN MARCO,Modulo
A06-RC66314,3,MODULO PANTALLA MOTO E20 ORIG SIN MARCO*,Modulo
A06-RC66345,1,MODULO PANTALLA MOTO G22 ORIG CON MARCO SERVICE PACK,Modulo
A06-RC66375,1,MODULO PANTALLA MOTO EDGE 30 ULTRA ORIG CON MARCO SERVICE PACK,Modulo
A06-RC851984,2,MODULO PANTALLA MOTO E22 / E22I / E22S ORIGINAL SIN MARCO*,Modulo Original
A06-RC852656,1,MODULO PANTALLA MOTO EDGE 30 NEO ORIGINAL SIN MARCO,Modulo Original
A06-RC85508,1,MODULO PANTALLA MOTO G200 ORIG SIN MARCO*,Modulo
A06-RC857281,2,MODULO PANTALLA M E13 ORIG SIN MARCO*,Modulo
A06-RC858852,1,MODULO PANTALLA MOTO EDGE 40 ORIG SIN MARCO,Modulo
A07-R564,3,MODULO PANTALLA NOTE 8 PRO,Modulo
A07-RC66291,1,MODULO PANTALLA XIAOMI MI NOTE 10 / MI NOTE 10 PRO CURVO,Modulo
A07-RC66365,1,MODULO PANTALLA XIAOMI MI NOTE 11 4G / 11S 4G OLED,Modulo
A07-RC66368,1,MODULO PANTALLA XIAOMI NOTE 10 4G / NOTE 10S OLED*,Modulo
A07-RC66388,3,MODULO PANTALLA POCO X3 / X3 PRO / MI 10T LITE 5G / NOTE9 PRO 5G*,Modulo
A07-RC66390,2,MODULO PANTALLA XIAOMI NOTE 10 PRO / NOTE 11 PRO OL,Modulo
A07-RC665943,1,MODULO PANTALLA XIAOMI MI NOTE 10 5G / M3 PRO 5G / NOTE 10T 5G,Modulo
A07-RC85427,3,MODULO PANTALLA XIAOMI REDMI 10 / 10 PRIME,Modulo
A07-RC85428,2,MODULO PANTALLA XIAOMI NOTE 10 PRO / NOTE 11 PRO INCELL,Modulo
A07-RC85465,1,MODULO PANTALLA XIA NOTE 10 / NOTE 10S INC,Modulo
A08-RC85484,1,MODULO PANTALLA IPHONE 12 / 12 PRO INCELL ZY,Modulo
A08-RC85496,1,MODULO PANTALLA IPH XR INC,Modulo
A08-RC85531,1,MODULO PANTALLA IPH 13 PRO MAX INCELL ,Modulo
A08-RC85600,1,MODULO PANTALLA IPHONE 11 - ORIG  BLACK EDITION ,Modulo
A1011,3,VENTILADOR DE MANO MINI PORTATIL RECARGABLE 3 VELOCIDADES / VERDE KLW-F8,Ventilador
A60103,1,AURICULAR MANOS LIBRE EARBUDS 3 MOTOROLA TURQUESA,Auricular
A60117,3,AURICULAR CABLE MAXXA A22+ COLORES,Auricular
A6026,3,AURICULAR CABLE SAMSUNG ORIGINAL RFTFB,Auricular
A6037,2,AURICULAR VINCHA CON CABLE BTS ONE PLUS C6347,Auricular
A6044,1,AURICULAR GAMER ONLY GM-854MV  MICRÃ“FONO CABLE ALTAVOZ AZUL,Auricular
A6054,2,AURICULAR MOTOROLA EARBUDS 2-S NEGRO,Auricular
A6101,2,AURICULAR MOTOROLA EARBUDS 3-S NEGRO,Auricular
A7022,1,CABLE ADAPTADOR DE 1 PLUG HEMBRA A 2 PLUG MACHO 3.5MM PC,Adaptador
A7030,10,ADAPTADOR ENCHUFES UNIVERSAL VIAJERO REFORZADO G99-008A20,Adaptador
A7034,3,CONVERSOR HDMI A RCA AUDIO Y VIDEO AV 1080P HDMI2AV,Conversor
AC173,1,ANILLO GRIP CORREA SOPORTE PARA CELULAR TABLET MAGNETICO A006,Soporte
AC183,1,MINI LICUADORA KS-K5,Accesorio
AC184,1,Ventilador Portatil Plegable 3 Velocidades Recargable KS-2102,Ventilador
AC7267,1,PULSERA MUÑEQUERA UNIVERSAL PARA CELULARES COLORES,Accesorio
AD2106,1,PLACA DE SONIDO USB DX-PLSON71 DINAX,Adaptador
AD2112,1,ADAPTADOR FICHA UNION EMPALME RJ45 ADAPTADOR HEMBRA A HEMBRA UTP CABLE DE RED XIBM69718,Adaptador
AD2131,2,RECEPTOR DE AUDIO BLUETOOTH BT350 BT-350 OR 146838,Receptor
AD2135,-1,CONVERSOR DE AUDIO OPTICO A RCA AUDIO SM-C7812,Conversor
AD2136,2,ADAPTADOR HUB USB CON 4 PUERTOS USB SX-36Â ,Adaptador
AD295,1,CABLE ADAPTADOR DE AUDIO TIPO USB-C A PLUG SAMSUNG JACK ADAPTER,Adaptador
AD706303,2,ADAPTADOR - DISPLAY PORT DP A VGA SM-C7822,Adaptador
AD7076,1,LECTOR DE MEMORIA MICRO SD NO:2400,Tarjeta de Memoria
AD7083,1,ADAPTADOR CONVERTIDOR LAN USB A RJ45 TP-LINK TL-UE200,Adaptador
AD7084,1,ADAPTADOR ALARGUE HDMI HEMBRA A HDMI HEMBRA CB-107,Adaptador
AD822N,1,ADAPTADOR USB WIFI TPLINK WN822N 300MBPS ALTA GANANCIA 822N,Adaptador
AS1066,2,CONTROL REMOTO SMART PARA SANSUMG	4K 63001,Control Remoto
AU127126,1,AURICULARES BT HAYLOU X1 NEO - BLACK,Auricular
AU127157,1,AURICULAR BT TIME COLORES JS18,Auricular
AU127158,1,AURICULAR BT TIME NEGRO AU-17005,Auricular
AU127160,2,AURICULAR INALAMBRICO DIGITAL TIME AU-17004,Auricular
AU127165,2,AURICULARES BT HAYLOU GT1 2023 / NEGRO,Auricular
AU127169,1,AURICULARES BLUETOOTH AURICULARES HAYLOU GT7 NEO / NEGRO,Auricular
AU1273357,1,AURICULARES BT XIAOMI REDMI BUDS 4 LITE / NEGRO,Auricular
AU1273577,2,AURICULARES BLUETOOTH M10,Auricular
AU12865,1,AURICULARES INALÃMBRICOS JBL TUNE 520BT 3582,Auricular
AU12871,1,AURICULARES P9 INALAMBRICO BT VINCHA BLUETOOTH BLANCO,Auricular
AU12992,4,AURICULARES AKG SAM GALAXI  S10+ CON CABLE  CAJA,Auricular
AU3282,1,AURICULARES BT NOGA NG-BTWINS 26 TACTIL NEGRO,Auricular
AU60146,2,AURICULARES IN-EAR XIAOMI MI HEADPHONES BASIC NEGRO ZBW4354TY 36659,Auricular
AU60169,1,AURICULAR CON MICROFONO DXAURIMIC23,Auricular
AU60224,1,AURICULAR BLUETOOTH PANGPAI P29,Auricular
AU60248,1,AURICULAR BT MANOS LIBRE MOTO BUDS 150 NEGRO,Auricular
AU60249,1,AURICULAR BT MANOS LIBRE MOTO BUDS 085 NEGRO,Auricular
B100,2,BANDEJA PORTA SIM SAM A10 / A10S / A20 / A30 / A50 / A70,Badeja SIM
B109,1,BANDEJA PORTA SIM SAM A32,Badeja SIM
B147,1,BANDEJA PORTA SIM SAMSUNG A03,Badeja SIM
B156,1,BANDEJA PORTA SIM SD XIAOMI REDMI 13C,Badeja SIM
B167,1,BANDEJA PORTA SIM MOTO G82,Badeja SIM
B326,1,BATERIA MOTO G7 PLAY / ONE TO,Bateria
B368,1,BATERIA SAM J2 PRIME / GRAND PRIME / J2 CORE ONLY,Bateria
B426,2,BATERIA IPHONE 6S MECHANIC EXTENDIDA/04540,Bateria
B429,2,BATERIA MOTO G7 POWER / ONE FUSION / G8 POWER LITE / G9 PLAY / E7 PLUS / G20 / G30 JK50 TO,Bateria
B450,1,BATERIA IPHONE SE (2020) - GOLD EDITION,Bateria
BILLCOUNTER-3,1,CONTADORA DE BILLETES GLOBAL CARGA SUPERIOR / VISOR DIGITAL Y EXTERNO / DETECCION DE BILLETES FALSOS - GLOBAL BILLCOUNTER-1,Libreria
C1,6,PIN CARGA MOTO G - E4 PLUS TABLET VARIOS,Pin Carga
C1055,1,"AURICULAR EXTRA BASS BLUETOOTH ONLY P15
P15",Auricular
C12,6,PIN CARGA MOTO G5 / G4 PLAY / C / G8 POWER LITE,Pin Carga
C1541,1,"CABLE THOR USB MOD25 / V8 / ROJO Y NEGRO ONLY 4,4A 1M",Cable
C2512,2,JOYSTICK XBOX 360 / PC CON CABLE 52A NJX301,Joystick
C26,1,PIN CARGA MOTO G2 - ALCATEL  C1,Pin Carga
C3,4,PIN CARGA SAM GRAND PRIME / J700 / J710 / J7NEO / J2 PRIME,Pin Carga
C4,4,PIN CARGA TABLET VARIOS 8520,Pin Carga
C41,1,PIN CARGA XIAOMI NOTE 7 / NOTE 9 / NOTE 9 PRO / NOTE 8 / NOTE 8 PRO / MI8 LITE / MI 11 LITE / POCO X3,Pin Carga
C44,1,PIN CARGA MOTO E5 PLUS / G6 PLAY / E6S / E6I/E5,Pin Carga
C47,6,PIN CARGA MOTO E7 / E5 PLAY,Pin Carga
C6,4,PIN CARGA SAM J7 PRO / J7 PRIME / J5 PRIME / J5 PRO / J5 /J1 / J320 / J4 / J6 / J8 /J 4 PLUS / J6PLUS / A10 / A02,Pin Carga
C61,1,PIN CARGA MOTO G7 POWER / G8 PLAY / G8 POWER / G9 PLAY /G9 POWER / ONE MACRO / G20 / G30,Pin Carga
C62,5,PIN CARGA SAM A22 5G / A20S /A04 / M12 / MOTO E7 / E7 POWER/ E7I POWER / LG K61 / K41S,Pin Carga
C6217,1,JOYSTICK PLAYSTATION PS4 ORIGINAL BLACK CUH-ZCT2U,Joystick
C6239,3,JOYSTICK BLUETOOTH CON SOPORTE PARA CELULAR SEISA SJ-A1006,Joystick
C6253,2,FILM MEMBRANA CONDUCTOR JOYSTICK PS4 JDM-040,Repuesto Joystick
C63,1,PIN CARGA MOTO G7 PLAY / G8 / G31 / G41 / G51 / G60S / G60 / ONE VISON SAM A11 / A02S / A03S,Pin Carga
C68,12,PIN CARGA SAM A01 / A03 / A03 CORE - LG K40 / K40S / K12 PLUS / Q60,Pin Carga
C7,1,PIN CARGA MOTO G5 PLUS G5S PLUS,Pin Carga
C7145,2,CARGADOR RAPIDO TURBO SEND S02- 4.8 A/ TIPO C,Cargador
C7149,9,CARGADOR DE NOTEBOOK UNIVERSAL ONLY 8 PINES 112403001,Cargador
C7167,1,"CARGADOR AUTO KOSMO 2 PUERTOS USB MOD 5,5CAR",Cargador
C72,7,PIN CARGA SAM A04S A21S A22 A32  M13 A12 A13 A15 A20 A23 A30 A31 A40 A50 A51 A60 A70 A71 HUAWEI P30 LITE,Pin Carga
C747,1,Camara Web Con Microfono (mini Packing) VGA 480p,Camara Web
C76,1,PIN CARGA MOTO E6 PLUS/E7 PLUS,Pin Carga
C79,1,PIN CARGA MOTO G10 / G20 / G50 / G22 / G52 / G32,Pin Carga
C7911,1,CABLE POWER ALIMENTACION PC / MONITOR 220V XC-P1801,Cable
C7912,2,CABLE POWER ALIMENTACION 8 OCHO PS4 PS3,Cable
C7918,1,CABLE USB 2.4 MOD44  TIPO C  COLORES ONLY,Cable
C7921,14,"CABLE USB MOD 50 - TIPO C - 3,1A  BLANCO/NEGRO",Cable
C7949,1,"CABLE USB SEND TIPO C A C TURBO 3,1 SB01 BLANCO",Cable
C80,11,PIN CARGA SAM A33 / A52 / A72 / A82,Pin Carga
C81,8,PIN CARGA SAM A53 / A73,Pin Carga
C8110,1,PLACA DE RED PCI-E 300N 2X 2DBI TP-LINK TL-WN881ND,Conectividad
C85,1,PIN CARGA MOTO EDGE / EDGE 20/ EDGE 20 PRO / EDGE 30 / EDGE 30 PRO / G100,Pin Carga
CA1-5M,1,CABLE HDMI A HDMI /1.5MT/ COLOR NEGRO,Cable
CA11444,1,CAMARA DE SEGURIDAD EZVIZ H3C 1080P EXTERIOR IP67 VISION NOCTURNA CON WIFI,Conectividad
CA11446,1,CAMARA DE SEGURIDAD IMOU RANGER 2C 1080P AUDIO VISIÃ“N NOCTURNA VISION 360,Camara de Seguridad
CA11447,1,CAMARA DE SEGURIDAD EXTERIOR IMOU BULLET 2C 1080P VISION NOCTURNA CON WIFI,Conectividad
CA1146289,1,CAMARA EXTERIOR IP WIFI IMOU BULLET 2E 4MP F42FP,Conectividad
CA11512,1,Web Cam Logitech C270 black 960-000694,Camara Web
CA6129,2,CARGADOR PORTABLE POWER BANK 10000MAH T-D04 TRANYCO,Cargador
CA6138,1,CARGADOR MOTOROLA 50W DOBLE PUERTO CON CABLE C A C EN CAJA,Cargador
CA6139,1,"CARGADOR PARLANTE 9V 1,5A EC9V15A",Parlante
CA6143,2,"CARGADOR 220V ONLY 05031A / 2 USB / 1 CABLE V8 4,4A NEGRO",Cargador
CA6144,3,"CARGADOR 220V XAEA 27W/ 1 USB / CABLE / NEGRO QC 3,0",Cargador
CA6169,2,CARGADOR CABEZAL SAMSUNG 65W SUPER RAPIDA / SALIDA 1 USB / 2 TIPO C,Cargador
CA6170,9,CABEZAL CARGADOR 220V XAEA OPTIMUM 5A 45W (USB C+ USB A),Cargador
CA6173,3,CARGADOR SAM 25W CON USB C A C CARGA SUPER RAPIDA 5A NB-0009,Cargador
CA6175,1,CARGADOR POWERBANK USB PORTATIL 20000MAH TRANYCO T-D09,Cargador
CA6177,1,CARGADOR PORTABLE POWER BANK 10000 MAH T-D08 TRANYCO,Cargador
CA67123,10,"CARGADOR 220V ONLY 05031A / 1 USB / CABLE V8 / 4,4A",Cargador
CA71100,2,"CARGADOR 220V ONLY MOD06 / 1 USB / CABLE TIPO C 4,4A",Cargador
CA71105,4,CARGADOR DE NOTEBOOK UNIVERSAL AUTOMATICO 90W ONLY 8 PINES 116300495,Cargador
CA71118,1,CARGADOR RAPIDO SEND S01 3.1A MICRO USB V8 5V 3.1A / 9V 1.8A / 12V 1.5A TECNOLOGIA QUALCOMM,Cargador
CA7170,3,CARGADOR RAPIDO SEND TURBO - S01-  3.1A TIPO C / 5V 3.1A / 9V 1.8A / 12V 1.5A,Cargador
CA7171,2,CARGADOR RAPIDO SEND TURBO- S01- 3.1A USB A TIPO C / 5V 3.1A / 9V 1.8A / 12V 1.5A,Cargador
CA7179,3,CARGADOR AUTO TURBO SEND CARGA RAPIDA  USB TIPO C SMART CHARGER,Cargador
CA7195,1,CARGADOR CELULAR USB 2.4A 9 USB WLX-T9,Cargador
CA7196,1,CARGADOR TRANSFORMADOR 5V 2A PIN 2.5 FINO (3139B),Cargador
CA7199,2,FUENTE 800MA MULTIPLE VOLTAJE Y CONECTORES UNIVERSAL NOGANET NOGA 79,Herramienta
CA74122,1,CABLE USB 2.0 A MINI USB / V3 / PS3 / 1.5MTS NETMAK NM-C20,Cable
CA74139,2,CABLE HDMI V1.4 (20 MTRS.) SOPORTA 3D BOLSA NETMAK NM-C47 20,Cable
CA74145,9,CABLE USB IPHONE CARGA RAPIDA LIGTNING TO USB 1M MD818ZM/A1480,Cable
CA74149,1,CABLE DE RED DINAX PATCH CORD 15MTS DX-15MCABRE,Cable
CA74154,2,CABLE USB G POWER 5A TIPO C 1M,Cable
CA7416,3,CABLE SATA DATOS NOGANET SATA-D (OEM) NOGANET SATA-D,Cable
CA74190,1,CABLE USB SAMSUNG TIPO C A C (3A),Cable
CA74191,0,CABLE HDMI A VGA 1.5M MALLADO HDTV TO VGA,Cable
CA74195,1,CABLE VGA M/M 1.5M NETMAK NM-C18,Cable
CA74200,4,CABLE DE VGA A VGA CON FILTROS 3 METROS LARGO - VGA 3M NOGA SM-1039,Cable
CA74202,1,CABLE DE RED ETHERNET CAT6 DE 20 METROS - EXTERIOR,Cable
CA74204,1,CABLE DE RED ETHERNET CAT6 DE 5 METROS - EXTERIOR,Cable
CA74205,2,SEISA KIT COMPLETO TIRA LUCES LUZ LED 5050 RGB + CONTROL + FUENTE 12V,Herramienta
CA74207,1,Adaptador Usb Tipo C A Hdmi Y Vga - De Notebook A Monitor 5 EN 1 /HC-11,Adaptador
CA74208,1,Adaptador Tipo C A HDTV SEISA HC-66B,Adaptador
CA74210,0,Cable DVI-D A DVI-D,Cable
CA7430,1,CAMARA WEB WEBCAM XIAOMI W88 FULL HD(1080P),Camara Web
CA7431,3,CAMARA WIFI EZVIZ INTERIOR INTELIGENTE - C6N 1080P,Conectividad
CA7435,1,CAMARA IP CLOUD TP-LINK TAPO C310 3MP EXTERIOR,Camara de Seguridad
CA7910,13,CABLE USB ORIGINAL MOTOROLA NEGRO USB A TIPO C,Cable
CA79102,2,CABLE IMPRESORA USB 2.0 A MACHO B MACHO 1.8MTRS NETMAK NM-C03 1.8,Cable
CA79109,2,CABLE IMPRESORA USB A/B 3MTS NOGA TR-1005,Cable
CA79110,1,"CABLE DISPLAYPORT DP A DVI 1,8M  4K DPTODVI4K",Cable
CA7965,6,"CABLE HDMI-HDMI /1,5MT/ (V1.4) MT 3D BOLSA NETMAK NM-C47-OEM",Cable
CA799,4,CABLE USB ORIGINAL MOTOROLA NEGRO TIPO C A C,Cable
CA7995,1,CABLE HDMI V1.4 (5MTRS) SOPORTA 3D BOLSA NETMAK NM-C47 5 OEM,Cable
CAR1515,2,CABEZAL IPHONE X HOMOLOGADO 5W MD810LL/A-A1385,Cargador
CAR1516,1,CABEZAL PARA IPHONE 20W TIPO C MHJE3ZM/A-A2347,Cargador
CMP833,1,PAD GAMER Y OFICINA DE CAUCHO Y CORCHO 80X30CM CMP833,Mouse Pad
CO11255,4,CONSOLA RETRO PORTATIL COTROLLER GAMEPAD 2.4G MEMORIA 64GB RS-100 DOLOR VERDE,Consola
CO11260,2,CUBRE DEDOS X2 PUBG COD MOBILE FREEFIRE ANTI-SWEAT CELULAR WN-Z12,Accesorio Gamer
CO11268,2,"CONSOLA RETRO PORTATIL COTROLLER GAMEPAD 2.4G NIPPON / 64GB 20,000 JUEGOS NIPPON CAJA AZUL",Consola
CO1129546,1,SOPORTE DE CARGADOR PARA PS5 JOYSTICK SND-463,Repuesto Joystick
CO6258,2,JOYSTICK INALAMBRICO SEISA SJ-913 COLORES PC / PS2 / PS3 / PC / X360 / ANDROID / A PILAS,Joystick
CO6263,5,ANALOGICO JOYSTICK REPUESTO PS4 PS5 XBOX ONE,Repuesto Joystick
CO8132,1,ROUTER TP-LINK TL-WR850N WISP 2 ANTENAS 2.5DBI 300MBPS,Router
CO947,2,"RECEPTOR BT BLUETOOTH USB 5,0",Receptor
CO949,1,EXTENSOR / REPETIDOR KANJI KJN-RP4200B 4 ANTENAS,Conectividad
CO958,1,REPETIDOR WIFI 2 ANTENAS DINAX / REPRP4200C,Conectividad
CO959,1,SWITCH TP-LINK 8 PUERTOS 10/100 TL-SF1008D SERIE LITEWAVE,Conectividad
CO960,1,RECEPTOR BLUETOOTH DOBLE SALIDA ESTEREO SEISA / BLS-BT01,Receptor
CO969,4,TP LINK EXTENSOR DE RANGO WIFI AC750/RE200,Conectividad
CO970,1,TP LINK EXTENSOR DE RANGO WIFI 300MBPS MERCUSYS MW300RE,Conectividad
CP01-20-002,1,CABLE TIPO C 3.0 PARA DISCO RIGIDO EXTERNO CP01-20-002,Cable
CP01-20-006,3,ADAPTADOR OTG TIPO C / USB3.0  CP01-20-006,Adaptador
Cb-53,0,CABLE USB TYPE C 5A TURBO IBEK CB-53,Cable
D1014,8,"CABLE USB ONLY MOD48 / V8 / 3,1A BLANCO Y NEGRO 110716401",Cable
DI11611,1,ADAPTADOR CARRY CASE PARA DISCO SSD M.2 NVME - USB 3.1 USB-C,Adaptador
DI11612,2,CASE CARRY DISK 3.0 2.5 ALUMINIO SATA USB 5GBPS DN-K2507,Accesorio Disco
DI1242,1,DISCO SOLIDO SSD 256GB PATRIOT P210 SATA3 2.5,Disco
DI1250,3,CASE DISCO 2.5 SEISA  DN-K230 USB3.0 EXTERNAL ENCLOSURE,Accesorio Disco
EL1315,3,ESTABILIZADOR DE TENSION ATOMLUX R500@ 220V 6 TOMAS 500VA,Estabilizador
EL1316,1,ESTABILIZADOR DE TENSION ATOMLUX H500 3 TOMAS 220V,Estabilizador
EL1318,0,ESTABILIZADOR SURELECTRIC FUTURE 6 BOCAS 220V-1000VA (490017),Estabilizador
F390,2,FLEX INTERCONEXION SAM A51,Conector
F394,1,FLEX INTERCONEXION SAM A21S,Conector
F398,4,FPC PARA SAMSUNG A30S / A21S/ A31 / A51 / A70 / A71 / A80 / 78 PINES,Conector
F399,1,FPC COMPATIBLE CON SAMSUNG A02 / A12 / A22 / A32 / A52 /A34 / A72 / 78 PINES,Conector
F401,1,FLEX INTERCONEXION SAM A22 4G - A225 / A32 - A325,Conector
F406,1,FPC IMAGEN MOTO E6I / E6S / E7I POWER,Conector
F409,1,FPC COMPATIBLE CON SAM NOTE 20 / NOTE 20 ULTRA / S20 5G / S20 PLUS / S20 ULTRA / S21 5G / S21 PLUS 5G / S21 ULTRA 5G (56 PIN),Conector
F411,1,CONECTOR FPC DE CARGA A30 / A40 / A50 / A50S - 40 PINES,Conector
F427,1,FLEX INTERCONEXION SAM A52,Conector
F435,1,FLEX INTERCONEXION SAM S20 FE (PLACA FLEX),Conector
F453,1,FLEX DE INTERCONEXION XIAOMI REDMI POCO X3,Conector
F6843,3,MOUSE PAD ERGONOMICO CON GEL CDTEK NEGRO,Mousepad
FU1424,1,FUENTE AUREOX PARA PC UNLIMITED SERIES 650W REALES / 80 PLUS BRONZE / COLOR NEGRA,Herramienta
FU6823,3,MOUSE PAD ERGONOMICO CON GEL CDTEK AZUL,Mousepad
FU6824,1,MOUSE PAD ERGONOMICO CON GEL CDTEK ESTAMPADO,Mousepad
FU6833,1,MICROFONO XMC-01 XTRIKE ME,Microfono
FU687153,2,MOUSE PAD GAMER GLADIUS XXL NETMAK 80X30 NM-GLADIUS-2,Mousepad
FU7536,1,"FUNDA PORTA NOTEBOOK 15,6 PULGADAS CON BOLSILLO / NEGRA / DEHUKA",Accesorio notebook
FU9716,1,FUENTE PC NOGA ATX-550 24 PINES P4 550W ATX 550 P4,Herramienta
FV146,1,FLEX DE ENCENDIDO Y VOLUMEN SAM A30,Conector
H1500,4,ALCOHOL ISOPROPILICO PROMAX CHEMITEC X500CC,Herramienta
H1505,5,FLUX JERINGA 100% ORGANICO NO TOXICO 10CC - EL REPA,Herramienta
H1506,2,FLUX 100% ORGANICO EN TARRO CHICO 30CC NO TOXICO,Herramienta
H1519,1,REMOVEDOR DE FLUX Y SULFATO 100CC,Herramienta
H1542,2,ALCOHOL ISOPROPILICO ALTA PUREZA DELTA 1 LITRO PHXL,Herramienta
H89156,1,CAJA PLASTICA ALMACENAMIENTO PLACA SS001A,Herramienta
H89167,1,RESINA - ROSIN PARA DETECTAR CORTOS,Herramienta
H8973,3,TESTER USB VOLTIMETRO KWS-V20 EC100079,Herramienta
H8989,2,USB TESTER - SS302AÂ ,Herramienta
H8991,1,CINTA KAPTON 10MM (FINA),Herramienta
H8996,3,PUNTA RELIFE RL-900M-I (RECTA),Herramienta
H90002,1,DOCK TEST RELIFE TB-07 PARA IPHONE ANDROID TIPO C MIRO USB,Herramienta
H9005,1,CINTA KAPTON 15MM,Herramienta
H9007,1,TWEEZER PINZA SUNSHINE (RECTA) - SK11Â ,Herramienta
H9014,1,TWEEZER PINZA RELIFE (RECTA) - RT14AÂ ,Herramienta
H9022,1,MANGO REMOVEDOR PEGAMENTO RELIFE RL101B,Herramienta
H9028,1,RELIFE STENCIL UNIVERSAL MULTIPROPOSITO,Herramienta
H9034,1,DESTORNILLADOR RELIFE - PHILLIPS 1.2/1.5+ - RL721Â ,Herramienta
H9054,4,SPUDGER METALICO ESPATULAÂ ,Herramienta
H9055,1,ESPATULA SET 27 REMOVEDOR DE IC - SS101AÂ ,Herramienta
H9057,1,RASPADOR REMOVEDOR DE PEGAMENTO - RL-023Â ,Herramienta
H9064,1,SET 5 ESPATULAS MULTIFUNCION RL049A,Herramienta
HDMI-VGA,1,CONVERSOR HDMI A VGA HDMI2VGA,Conversor
HE18180,2,PUNTA RELIFE RL-900M-T-K (CUCHILLA),Herramienta
HE18364,2,TWEEZER PINZA (CURVA) SA15,Herramienta
HE18371,1,KIT CEPILLOS DE LIMPIEZA 9 UNIDADES,Herramienta
HE18380,1,ESPATULA PROFESIONAL ULTRAFINA MECHANIC X10,Herramienta
HE18389,5,ESPATULA PARA COLOCAR FILMS HIDROGEL CHICA TAMAÃ‘O CELULAR,Herramienta
HE18415,1,SET X3 SPUDGER METALICOS KIT RL065,Herramienta
HE18426,1,ESPATULA REMOVE RESINA GK8 BLADE KIT - MECHANIC,Herramienta
HE18446,1,FLUX JERINGA 30CC - WUZIP,Herramienta
HE18447,4,MALLA DESOLDANTE RELIFE - RL2030,Herramienta
HE18450,4,MALLA DESOLDANTE MECHANIC R350 / 1515,Herramienta
HE18452,1,KIT SET HERRAMIENTAS APERTURA SOPAPA VENTOSA BAKU BK-6007,Herramienta
HE18455,1,JUEGO DE DESTORNILLADOR ITECH 48 EN 1 MECHANIC,Herramienta
HE18462,2,PINZA BRUCELA SAK-11 RECTA MECHANIC,Herramienta
HE18464,1,PINZA BRUCELA ST-15 CURVA ANTIESTATICA MECHANIC,Herramienta
HE18466,1,PINZA BRUCELA KA-11 RECTA MECHANIC,Herramienta
HE18477,1,PLANCHA SEPARADORA DE GLASS CON BOMBA VACIO G-TOOLS 988A,Herramienta
HE18480,1,PISTOLA ENCOLADORA SILICONA ELECTRICA 20W BARRA FINA XL-E20W XUNLEI,Herramienta
HE18493,2,PAD TERMICO URANUS TP-U1 50X50X1.0MM 12W/MK ALTO RENDIMIENTO,Herramienta
HE18495,2,KIT PINZAS PARA PEGAR MODULO TG-4000,Herramienta
HE18500,1,PEGAMENTO MECHANIC SUPER X PARA LCD NEGRO,Herramienta
HE18506,2,ESTAÑO EN HILO WUZIP ROLLO 80G 35/65 0.6MM,Herramienta
HE18513,1,ALICATE RELIFE RL-113,Herramienta
HE18514,1,ALMOHADILLA TERMICA PARA REMOVER IC - WYLIE,Herramienta
HE18515,1,CABLE PULPO PARA FUENTE 741049192867,Herramienta
HE18518,4,"HILO GLASS SEPARADOR 0,03MM - RL-059A (VERDE)",Herramienta
HE18521,2,KIT DESTORNILLADORES SS-5121 SET 66 IN 1,Herramienta
HE18524,1,ORGANIZADOR ROTATIVO PARA DESTORNILLADORES RELIFE RL-078A,Herramienta
HE18528,1,PAÑOS LIMPIEZA WIPES RL-045,Herramienta
HE18534,1,CAJA PLASTICA SUNSHINE 17.4*10*2.2CM,Herramienta
HE18538,2,ESTAÑO ALAMBRE NICKEL 0.8MM RELIFE RL444,Herramienta
HE18540,1,ESTAÑO EN PASTA 183 - 40G - WUZIP,Herramienta
HE18541,1,ESPATULAS METALICAS KIT RELIFE RL-087,Herramienta
HE18546,2,HILO JUMPER 0.10MM HILO DE COBRE AISLADO,Herramienta
HE18549,17,PEGAMENTO T7000 EL REPA 110ML - NEGRO,Herramienta
HE18552,2,FLUX MECHANIC UV223 MICRO SOLDADURA 10CC,Herramienta
HE18553,2,ESTAÑO EN PASTA MECHANIC 35G 138 GRADOS V4B48 SOL 04901,Herramienta
HE18564,1,ESTAÑO EN PASTA 138 - 40g - WUZIP,Herramienta
HE18566,1,ESTAÑO EN PASTA 183 GRADOS RELIFE POTE 40g - RL402,Herramienta
HE18567,1,EstaÃ±o en hilo rollo 80g 35/65 0.6MM Wuzip,Herramienta
HE18569,1,ALCOHOL ISOPROPILICO PROMAX CHEMITEC EN AEROSOL  X290GS,Herramienta
HE8816,1,PINZA BRUCELA KS-11 RECTA MECHANIC,Herramienta
HE89199,8,PALITO METALICO DE APERTURA PUA RELIFE - RL050,Herramienta
HE89205,1,HOLDER BASICO SUNSHINE - SS601A - SOPORTE DE PLACAS,Herramienta
HE89208,2,PUA PLASTICA ULTRAFINA SUNSHINE - SS040,Herramienta
HE89214,2,LIMPIA PANTALLAS SCREEN CLEANER 120 CC INCLUYE PAÑOS CHEMITEC,Herramienta
HE89215,2,AIRE COMPRIMIDO AEROSOL 200G CHEMITEC,Herramienta
HE89216,5,AIRE COMPRIMIDO AEROSOL 400ML CHEMITEC,Herramienta
HE89227,1,ESTACION DE SOLDADO LAPIZ CAUTIN CON REGULADOR 936D+ 400 GRADOS 60W,Herramienta
HE89237,3,SET DESTORNILLADORES 34 IN 1 MOD SS-5119,Herramienta
HE89243,1,ORGANIZADOR MULTIFUNCIONAL DE MADERA CON 24 ESPACIOS MECHANIC B24,Herramienta
HE89281,2,MECHANIC 530 LIMPIA CONTACTOS (BLUE) (550ML),Herramienta
HE89305,3,ALCOHOL ISOPROPILICO PROMAX CHEMITEC 250CC PRO MAX,Herramienta
HE89343,1,JUEGO DE CUCHILLAS 12 UNIDADES 9305AB,Herramienta
HE899280,1,TWEEZER PINZA TITANIO (RECTA) AZUL KW-11A,Herramienta
IM1454,1,TINTA EPSON 544 ECOTANK MAGENTA,Impresora
IM1455,1,TINTA EPSON 544 ECOTANK YELLOW,Impresora
JO113106,1,JOYSTICK PS4 / PC INALAMBRICO NIPPON,Joystick
JO11379,1,JOYSTICK INALAMBRICO COMPATIBLE NINTENDO SWITCH/ ANDROID/ PC/ BLUETOOTH/ IOS HS-SW556 ROJO Y CELESTE,Joystick
JO11395,1,JOYSTICK BLUETOOTH SEISA PS4 SJ-4013B,Joystick
JOY-61012,1,JOYSTICK PLAYSTATION PS4 TIME CAMUFALDOS JOY-61012,Joystick
KQ022H,1,HUB USB 3.0 DE 7 PUERTOS KQ022H,HUB
L111,3,LENTE CAMARA IPHONE 11 12 12 MINI X2 U,Lente Camara
L128,1,LENTE CAMARA SAM J4 PLUS,Lente Camara
L130,1,LENTE CAMARA SAM A10 / A20 / A30,Lente Camara
L134,1,LENTE CAMARA MOTO G6 PLUS,Lente Camara
L142,1,LENTE CAMARA IPHONE 7 PLUS / 8 PLUS,Lente Camara
L165,1,LENTE CAMARA MOTO G200,Lente Camara
L187,1,LENTES DE CAMARA MOTOROLA EDGE 30 FUSION,Lente Camara
L188,1,LENTE CAMARA SAM S22 ULTRA,Lente Camara
L197,1,LENTE CAMARA IPHONE 13 PRO / 13 PRO MAX,Lente Camara
L201,1,LENTE CAMARA IPHONE 14 PRO / 14 PRO MAX,Lente Camara
L220,1,LENTE CAMARA SAM A51,Lente Camara
L221,1,LENTE CAMARA SAM A54,Lente Camara
L229,2,LENTE CAMARA IPHONE 8 PLUS,Lente Camara
L231,1,LENTE CAMARA IPHONE 11 PRO MAX,Lente Camara
L8020,1,ARO LUZ LED 26CM BLANCO FRIO CALIDO + TRIPODE 2.1M QX-260 / S26,Luces
LHDMI-2.1-1M,2,CABLE HDMI 2.1 ULTRA LABEL 8K-48GBPS MALLADO X 1M LHDMI-2.1-1M,Cable
LU19106,1,LINTERNA RECARGABLE USB CON ZOOM / U01,Luces
M1089,1,"MOUSE OPTICO USB INALAMBRICO 2,4G DN-F6910",Mouse
M834,1,TARJETA DE MEMORIA KINGSTON 32GB C10 CANVAS SELECT CON ADAPTADOR,Tarjeta de Memoria
ME2017,1,MEMORIA SODIMM KINGSTON DDR4 KVR 16GB 3200MHZ CL22 1.20V SINGLE NEGRO,Memoria Ram
ME2020,1,MEMORIA SODIMM DDR3 HIKSEMI 8GB 1600 MHZ HIKER (7499),Memoria Ram
ME2022,1,MEMORIA DDR3 HIKSEMI 8GB 1600 MHZ HIKER (7512),Memoria Ram
ME2110,7,TARJETA DE MEMORIA PATRIOT 64GB LX SERIES CLASE10 80MB/S,Tarjeta de Memoria
ME2112,5,TARJETA DE MEMORIA KINGSTON CANVAS SDCS2/128GB CANVAS PLUS SELECT CON ADAPTADOR,Tarjeta de Memoria
ME836,3,TARJETA DE MEMORIA SANDISK ULTRA SD 32GB C10,Tarjeta de Memoria
ME837,1,MICRO SD HIKSEMI 256GB NEO PLUS P /CAMARAS VIDEOVIGILANCIA (6348),Tarjeta de Memoria
MI2244,1,MICROFONO GAMER DX-MICX15,Microfono
MI2246,1,MICROFONO INALAMBRICO CORBATERO TIPO-C CON CAJITA J11-TC,Microfono
MI2247,1,MICROFONO CON CABLE ONLY MOD FT313-B,Microfono
MI2260,2,MICROFONO INALAMBRICO 2 EN 1 TIPO C / PARA CELU PC NOTEBOOK MI2260,Microfono
MI2261,1,MICROFONO INALAMBRICO 2 EN 1 IPHONE / LIGHTNING PARA CELU MI2261,Microfono
MO1034835,1,"MONITOR GAMER SAMSUNG F27T350FHL LED 27"" 75HZ",Monitor
MO10845,1,MOUSE INALAMBRICO RECARGABLE GENIUS ECO-8100 AZUL,Mouse
MO10851,1,MOUSE GAMER LOGITECH G SERIES LIGHTSYNC G203 NEGRO,Mouse
MO10862,3,MOUSE PAD REDRAGON P029 FLICK S,Mousepad
MO10868,1,MOUSE GENIUS DX-120 USB BLACK 1200 DPI,Mouse
MO10869,1,MOUSE GENIUS DX-120 USB BLUE 1200 DPI,Mouse
MO10870,2,MOUSE GENIUS DX-120 USB GREEN 1200 DPI,Mouse
MO24106,3,MOUSE DUAL INALAMBRICO Y BLUETOOTH SEISA QS-202 COLORES,Mouse
MO24109,1,MOUSE INALAMBRICO SEISA DN-W170,Mouse
MO24110,1,MOUSE INALAMBRICO SEISA DN-G620,Mouse
MO24112,1,MOUSE INALAMBRICO NEGRO NETMAK NM-M680,Mouse
MO24115,1,MOUSE LOGITECH INALAMBRICO M170 ROJO BLISTER 910-004941,Mouse
MO24121,4,MOUSE LOGITECH M90 NEGRO 910-004053,Mouse
MO2488,1,MOUSE INALAMBRICO DINAX COLORES SURTIDOS DX-WM691,Mouse
MO2493,1,MOUSE CABLE HAVIT GAMER MS1026 ROSA 6400DPI,Mouse
MO2496,1,MOUSE CABLE XTRIKE ME GAMER GM-510 4800DPI,Mouse
NG-Uw06,3,"ADAPTADOR INALAMBRICO WIFI NANO USB RED NOGA NG-UW06 ANTENA 150MBPS 2,4GHZ",Conectividad
NI6734,1,"AURICULAR GAMER NISUTA 7,1 PARA PS4 CON ADAPTADOR PARA PC NSAUGZ450",Adaptador
NSAUB34 ,1,"NISUTA Auricular bluetooth tipo vincha con Mic., FM y lector de tarjetas NS-AUB34",Lector
P106,2,PARLANTE BUZZER ALTAVOZ MOTO G7 POWER / G7 PLAY / G8 POWER LITE / E20 / E22 / E40 / E6I / E6S / G22,Repuesto Parlante Celular
P119,1,PARLANTE BUZZER ALTAVOZ SAM A10S,Repuesto Parlante Celular
P129,1,PARLANTE BUZZER ALTAVOZ MOTO G9 PLAY CAPSULA,Repuesto Parlante Celular
P134,1,PLACA DE CARGA MOTO EDGE 30 ULTRA,Placa de Carga
P141,2,PLACA DE CARGA SAM A04S,Placa de Carga
P143,1,PLACA DE CARGA MOTO G23,Placa de Carga
P145,2,PLACA DE CARGA XIAOMI REDMI NOTE 10 / NOTE 10S,Placa de Carga
P147,3,PLACA DE CARGA XIAOMI REDMI NOTE 11,Placa de Carga
P151,1,PLACA DE CARGA SAM A34,Placa de Carga
P153,1,PLACA DE CARGA SAM A54,Placa de Carga
P155,1,PLACA DE CARGA XIAOMI REDMI 13C,Placa de Carga
P158,2,PLACA DE CARGA SAM A14 4G SM-A145F,Placa de Carga
P33,2,PLACA DE CARGA SAM A20S A207 VER M12,Placa de Carga
P36,1,PLACA DE CARGA SAM A21S,Placa de Carga
P37,3,PLACA DE CARGA SAM A02,Placa de Carga
P41,3,PLACA DE CARGA SAM A02S,Placa de Carga
P43,2,PLACA DE CARGA SAM A12 A125 TIPO C,Placa de Carga
P45,1,PLACA DE CARGA SAM A71,Placa de Carga
P47,1,PLACA DE CARGA MOTO G9 POWER,Placa de Carga
P53,1,PLACA DE CARGA MOTO G8 POWER LITE,Placa de Carga
P64,1,PLACA DE CARGA SAM A32 4G A325,Placa de Carga
P66,1,PLACA DE CARGA MOTO G20 100%,Placa de Carga
P67,1,PLACA DE CARGA MOTO G60S XT2133 ORIGINAL,Placa de Carga
P80,1,PLACA DE CARGA SAM A13 A135,Placa de Carga
P81,1,PLACA DE CARGA SAM A03 CORE A032,Placa de Carga
P92,1,PLACA DE CARGA MOTO EDGE 30 NEO ORIG,Placa de Carga
P94,1,PLACA DE CARGA SAM A24,Placa de Carga
P98,1,PLACA DE CARGA MOTO E13 ORIG,Placa de Carga
PA11135,1,MOUSE PAD GAMER NORDIC XXL NETMAK NM-NORDIC-2,Mousepad
PA131159,1,PARLANTE PORTATIL RADIO Y LECTOR TARJETA YX-078UBT,Parlante
PA131171,1,PARLANTE BLUETOOTH T&G TG-657 SPEAKER,Parlante
PA15524,2,MOUSE PAD GAMER NOGA ST-G36 XL 920 X 294 MM,Mousepad
PA641,1,PARLANTES JITENG JT047 NEGRO MADERA 3 WATTS AUDIO 3.5 MM USB,Parlante
PE2827,1,PENDRIVE HIKSEMI  USB DE 128 GB VERSIÃ“N 3.0 FABRICADA EN METAL,Pendrive
PE2828,2,PENDRIVE KINGSTON 64GB DATA TRAVELER EXODIA ONYX USB 3.2,Pendrive
PE2830,1,PENDRIVE USB-C USB-A KINGSTON DT MICRODUO 64GB USB 3.2 G3 -32821,Pendrive
PE2831,1,PENDRIVE KINGSTON 3.2  64GB EXODIA M NEGRO/AZUL (2626),Pendrive
PE8817,5,"PENDRIVE HIKSEMI 32 GB M200 CLASSIC USB 3,0 (6843)",Pendrive
PI3017,4,PILAS BOTON 3 V PHILCO 2032,Pila
PR1082,2,ASTRONAUTA PROYECTOR GALAXIA ESTRELLAS LAMPARA LUZ / CON CONTROL REMOTO,Control Remoto
R124130,5,VIDRIO GLASS SAM A10S / M15 / M16 +OCA,Vidrio Glass
R124132,20,VIDRIO GLASS SAM  A02S / A03 / A03 CORE / A03S / A04 / A04E / A04S / TCL 30E / MOTO E22 / E22I + OCA,Vidrio Glass
R124135,1,VIDRIO GLASS SAM A31 / A22 +O,Vidrio Glass
R124136,1,VIDRIO GLASS SAM A11 / M11 + OCA,Vidrio Glass
R124137,5,VIDRIO GLASS SAM A20 / A30S / M10S +OCA,Vidrio Glass
R124139,4,VIDRIO GLASS SAMSUNG J5 PRIME NEGRO +OCA,Vidrio Glass
R124140,1,VIDRIO GLASS SAM J5 PRIME BLANCO +OCA,Vidrio Glass
R124141,3,VIDRIO GLASS SAM A02 / A12 / M12  / A32 5G (COMPATIBLE TCL 10SE / 20XE / 30 SE) - GLASS + OCA,Vidrio Glass
R465,1,MODULO PANTALLA MOTO ONE HYPER,Modulo
R475,1,MODULO PANTALLA SAM A10S A107,Modulo
R486,1,MODULO PANTALLA SAM A50 / A30 OLED SIN MARCO,Modulo
R492,1,MODULO PANTALLA SAM A70 ORIG CON MARCO SERVICE PACK,Modulo
R513,4,MODULO PANTALLA SAM J4 PLUS J4 CORE J6 PLUS J6CORE,Modulo
R559,2,MODULO PANTALLA XIAOMI MI A1 / 5X,Modulo
R581,7,MODULO PANTALLA SAM A11 A115,Modulo
R58150,1,BATERIA IPHONE 6S PLUS MECHANIC /04533,Bateria
R58164,1,BATERIA SAM J700 / J7 NEO / J400 ORIGINAL,Bateria
R58171,1,BATERIA SAM A11 A10S A107 A20S A207 4000MAH 100% ORIG MH30140,Bateria
R58173,2,BATERIA SAM A01 A015 QL1695 100% ORIG,Bateria
R58176,1,BATERIA MOTO G4 / G4 PLUS WEST,Bateria
R58179,1,BATERIA MOTO E6 PLAY E6S E6I KS40 100% ORIG,Bateria
R58180,1,BATERIA MOTO ONE HYPER XT2027/ KG50 100% ORIG,Bateria
R58193,1,BATERIA MOTO E4 PLUS / E5 PLUS HE50 WEST,Bateria
R58226,0,BATERIA IPHONE 8 PLUS WEST,Bateria
R58239,1,BATERIA MOTO E6 PLUS XT2025 KC40 ONLY,Bateria
R58249,2,BATERIA SAM A20 / A30 / A30S / A50 WEST,Bateria
R58252,1,BATERIA XIAOMI NOTE 8 PRO BM4J WEST,Bateria
R58255,2,BATERIA NOKIA 1100 ONLY,Bateria
R583,2,MODULO PANTALLA SAM A21S A217 ORIG SIN MARCO,Modulo
R595,1,MODULO PANTALLA XIAOMI REDMI 7,Modulo
R6116,1,JOYSTICK REDRAGON SATURN G807 WINDOWS/PS3 NEGRO,Joystick
R66277,1,MODULO PANTALLA XIAOMI MI 9T OLED,Modulo
R66290,3,MODULO PANTALLA MOTO G9 PLAY / E7 PLUS ORIG SIN MARCO*,Modulo
R66291,1,MODULO PANTALLA MOTO G9 PLUS ORIGINAL,Modulo Original
R66302,1,MODULO PANTALLA SAM A12 A125F ORIG MULTIVERSION*,Modulo
R66306,1,MODULO PANTALLA MOTO G9 POWER SIN MARCO,Modulo
R66311,2,MODULO PANTALLA MOTO E7 / E7 POWER / E7I / E7I POWER,Modulo
R66351,1,MODULO PANTALLA MOTO ONE FUSION ORIGINAL SIN MARCO,Modulo Original
R66353,1,MODULO PANTALLA XIAOMI NOTE 8,Modulo
R66363,1,MODULO PANTALLA LG K50 / LG Q60 / K12 PRIME,Modulo
RB117,1,FLEX POWER HUELLA SAMSUNG A13,Conector
RB119,1,FLEX POWER Y VOLUMEN SAMSUNG A03 CORE,Conector
RB120,1,FLEX POWER Y VOLUMEN SAMS  A32 / A02 / A42,Conector
RB124,2,FLEX POWER HUELLA SAM A23,Conector
RB125,2,FLEX POWER HUELLA SAM A22 4G,Conector
RB126,3,FLEX POWER HUELLA SAM A14,Conector
RC124164,2,VIDRIO GLASS MOTO E6S / E6I NEGRO +OCA,Vidrio Glass
RC124178,1,VIDRIO GLASS MOTO G60 / G60S / G51 5G / EDGE S30 +OCA,Vidrio Glass
RC124201,5,VIDRIO GLASS SAM A13 4G / A13 5G / A23 4G / A23 5G / M23 5G / M33 5G + OCA,Vidrio Glass
RC1242916,3,VIDRIO GLASS MOTO E30 / E40 - GLASS + OCA,Vidrio Glass
RC1247507,1,VIDRIO GLASS SAMSUNG A52 4G LTE / A52S 5G / A53 5G + OCA,Vidrio Glass
RC4155,1,"LAMINA POLARIZADORA PARA LCD - IPS DE 12"" (90 GRADOS) GLA.05204",Herramienta
RC58268,1,BATERIA MOTO G7 POWER / ONE FUSION / G8 POWER LITE / G9 PLAY / E7 PLUS / G20 / G30 JK50 100% ORIG,Bateria
RC58273,1,BATERIA MOTO E5 / G6 PLAY BL270 WEST,Bateria
RC582751,1,BATERIA LITIO LC18650 RECARGABLE UNRIVALED / ULTRAFIRE  4000MAH 3.7V,Bateria
RC58295,1,BATERIA LG K41S / K51S / K61 / K61S / BL-T49 WEST,Bateria
RC58332,1,BATERIA IPHONE 8 PLUS TO,Bateria
RC58335,1,BATERIA PILA RECARGABLE 18650 2600 MAH 3.7V CON CABLE,Pila
RC58390,4,BATERIA IPHONE 11 PRO SIN FLEX TO/05403,Bateria
RC58391,2,BATERIA IPHONE 12/12 PRO TO SIN FLEX /05405,Bateria
RC66299,1,MODULO PANTALLA  A52 4G / A52S 5G ORIG CON MARCO SERVICE PACK,Modulo
RC66314,1,MODULO PANTALLA MOTO E20 ORIG SIN MARCO*,Modulo
RC66316,1,MODULO PANTALLA MOTO G60S / G51 5G ORIG SIN MARCO*,Modulo
RC66325,3,MODULO PANTALLA SAMSUNG A13 A135 4G / M13 ORIG*,Modulo
RC66351,3,MODULO PANTALLA MOTO G42 ORIG SIN MARCO*,Modulo
RC66368,1,MODULO PANTALLA XIAOMI NOTE 10 4G / NOTE 10S OLED*,Modulo
RC66380,1,MODULO PANTALLA MOTO EDGE 30 NEO ORIG CON MARCO SERVICE PACK,Modulo
RC66385,1,MODULO PANTALLA TCL 10SE / ALCATEL 3X 2019 5048A / 3X 2020 / 5X 5061U,Modulo
RC66386,1,MODULO PANTALLA TCL 20E,Modulo
RC66387,2,MODULO PANTALLA TCL 20SE,Modulo
RC66388,3,MODULO PANTALLA XIAOMI POCO X3 / X3 PRO / MI 10T LITE 5G / NOTE9 PRO 5G*,Modulo
RC663891,1,MODULO PANTALLA SAM A03 CORE A032F ORIG SIN MARCO,Modulo
RC664176,4,MODULO PANTALLA MOTO G22 / E32 SIN MARCO*,Modulo
RC667404,2,MODULO PANTALLA MOTO G31 / MOTO G41 / MOTO G71 OL SIN MARCO,Modulo
RC668801,2,MODULO PANTALLA XIAOMI REDMI 9A / 9C ORIG,Modulo
RC669069,1,MODULO PANTALLA SAMSUNG A32 4G OLED CON MARCO,Modulo
RC76367,1,BATERIA IPHONE 11 PRO MAX FOXCONN,Bateria
RC76371,1,BATERIA MOTO EDGE 30 ND40 ( NC50 COMPATIBLE) 100% ORIG,Bateria
RC76380,1,BATERIA SAM A32 A325 / A31 A315 / A42 / A22 4G / A72 /  WEST,Bateria
RC76386,2,BATERIA MOTO E6 PLUS KC40 WEST,Bateria
RC76392,1,BATERIA SAM A02S / A03 / A03S / A04 / A03 CORE / A032 / A22 5G - HQ 50S / SLC 50 100% ORIG,Bateria
RC76394,2,BATERIA SAM A32 A325 / A31 A315 / A42 / A22 4G / A72 100% ORIGINAL,Bateria
RC76403,1,BATERIA IPHONE XR FOXCONN,Bateria
RC76404,2,BATERIA SAM S20 ULTRA BG988 / ONLY,Bateria
RC76408,1,BATERIA MOTOROLA MB50 MOTO G200 XT2175 DESARME / ORIG,Bateria
RC76416,1,BATERIA SAM A52 /  A52S 100% ORIG,Bateria
RC76426,1,Bateria iPhone 11 - Gold Edition wuzip  24230701,Herramienta
RC76431,2,Bateria iPhone 7 Plus - Silver Edition,Bateria
RC76432,1,Bateria iPhone 8 - Gold Edition,Bateria
RC765716,1,BATERIA LG K40 / K30 / K12 / Q7 / G7 BL-T39,Bateria
RC851984,3,MODULO PANTALLA MOTO E22 / E22I / E22S ORIG SIN MARCO*,Modulo
RC852656,1,MODULO PANTALLA MOTO EDGE 30 NEO ORIGINAL SIN MARCO,Modulo Original
RC85397,1,MODULO PANTALLA SAM A52 4G / A52S 5G INCELL CON MARCO,Modulo
RC85403,1,MODULO PANTALLA SAM A31 INCELL CON MARCO,Modulo
RC85405,4,MODULO PANTALLA  EDGE 30 FUSION ORIG CON MARCO SERVICE PACK,Modulo
RC85408,1,MODULO PANTALLA TCL L10 PLUS / L10 LITE / 3X PLUS / T PRO / ALCATEL 1SE 2020,Modulo
RC85426,2,MODULO PANTALLA TCL 30E / TCL 30SE / ALCATEL 3H PLUS / ALCATEL 5H PLUS,Modulo
RC85428,1,MODULO PANTALLA XIAOMI NOTE 10 PRO / NOTE 11 PRO INCELL,Modulo
RC85437,2,MODULO PANTALLA SAM A14 5G A146 SIN MARCO,Modulo
RC85442,3,MODULO PANTALLA  A24 A245 ORIG CON MARCO SERVICE PACK*,Modulo
RC85454,3,MODULO PANTALLA SAM A33 5G OL CON MARCO*,Modulo
RC85456,2,MODULO PANTALLA SAMSUNG A34 5G A346 ORIG,Modulo
RC85464,1,MODULO PANTALLA TCL  403 / 431A,Modulo
RC85475,1,MODULO PANTALLA IPH 11 INC  ZY,Modulo
RC85484,1,MODULO PANTALLA IPHONE 12 / 12 PRO INC ZY,Modulo
RC85490,1,MODULO PANTALLA IPHONE 14 PRO INC HIGH GAMUT,Modulo
RC85507,2,MODULO PANTALLA  G10 / G20 / G30 ORIG SIN MARCO,Modulo
RC85508,1,MODULO PANTALLA MOTO G200 ORIG SIN MARCO*,Modulo
RC85510,2,MODULO PANTALLA MO G72 - G52 5G - G82 5G - EDGE 30 -INC,Modulo
RC85511,4,MODULO PANTALLA MOTO G84 ORIG SIN MARCO*,Modulo
RC85512,1,MODULO PANTALLA SAM A24 A245 INC,Modulo
RC85514,1,MODULO PANTALLA SAM S22 ULTRA OLED CON MARCO,Modulo
RC85529,1,MODULO PANTALLA IPHONE 13 PRO SOFT OLED,Modulo
RC85532,1,MODULO PANTALLA IPHONE 13 PRO MAX SOFT OLED,Modulo
RC85533,1,MODULO PANTALLA MOTO E22 / E22I / E22S SERVICE PACK,Modulo
RC85604,1,MODULO PANTALLA IPHONE XR SILVER EDITION (INCELL),Modulo
RC85606,2,MODULO PANTALLA MOTO G32 GOLD EDITION ORIG,Modulo
RC85607,7,MODULO PANTALLA SAM A03 / A03s / A02s / A04e  ORIG,Modulo
RC857281,1,MODULO PANTALLA MOTO E13 ORIG SIN MARCO*,Modulo
RC857325,1,MODULO PANTALLA SAM A23 5G ORIGINAL*,Modulo Original
RC857499,1,MODULO PANTALLA XIAOMI REDMI 12 4G / POCO M6 PRO 5G,Modulo
RC91102,1,TAPA TRASERA IPHONE 14 / BIG HOLE / AZUL,Tapa
RC91109,1,TAPA TRASERA IPHONE 11 PRO / BIG HOLE / DORADO,Tapa
RC91116,1,TAPA TRASERA IPHONE 11 PRO MAX / BIG HOLE / SPACE GRAY,Tapa
RC91117,1,TAPA TRASERA IPHONE 8 PLUS WHITE,Tapa
RC91118,1,TAPA TRASERA IPHONE 11 PRO BLANCO,Tapa
RC91119,1,TAPA TRASERA IPHONE 11 AMARILLO,Tapa
RC91125,1,TAPA TRASERA IPHONE 13 PRO DORADO/GOLD,Tapa
RC91126,1,TAPA TRASERA IPHONE 13 PRO MAX / BLANCO,Tapa
RC91129,2,TAPA TRASERA IPHONE 14 PRO MAX SPACE BLACK,Tapa
RC9176,1,TAPA TRASERA IPHONE 8 / NEGRO / BIG HOLE,Tapa
RC9186,1,TAPA TRASERA IPHONE X / BIG HOLE / BLANCO,Tapa
RC9196,1,TAPA TRASERA IPHONE XR /WHITE/BLANCO,Tapa
RC93209,2,VIDRIO GLASS LG K50 / Q60 / A6+OCA +TACTIL,Vidrio Glass
RC932093,2,VIDRIO GLASS SAM A14 + OCA,Vidrio Glass
RC93212,1,VIDRIO GLASS MOTO EDGE 20 LITE +OCA,Vidrio Glass
RC93213,2,VIDRIO GLASS MOTO G42 + OCA,Vidrio Glass
RC93224,2,VIDRIO GLASS XIAOMI NOTE 8 +OCA,Vidrio Glass
RC93233,1,"LAMINA POLARIZADORA PARA LCD - IPS DE 10"" (180 GRADOS)",Herramienta
RC93234,2,VIDRIO GLASS MOTO EDGE 20 PRO / 30 PRO - GLASS + OCA,Vidrio Glass
RC93239,4,VIDRIO GLASS SAM S20 FE + OCA,Vidrio Glass
RC93249,1,VIDRIO GLASS MOTO G52 5G / G82 5G / EDGE 30 / G71S / G72 - GLASS + OCA 2,Vidrio Glass
RC93252,1,VIDRIO GLASS IPHONE 13 PRO +OCA +MARCO,Vidrio Glass
RC93253,1,VIDRIO GLASS MOTO G14 + OCA,Vidrio Glass
RC93254,1,"LAMINA OCA 250UM 12""",Herramienta
RC9369,8,VIDRIO GLASS MOTO G13 / G23 / G32 + OCA,Vidrio Glass
RDKM-906-B,1,TECLADO Y MOUSE INALAMBRICO BLUETOOTH - SLIM / RECARGABLE RDKM-906 NEGRO,Kit Teclado & Mouse
RDKM-906-PK,2,TECLADO Y MOUSE INALAMBRICO BLUETOOTH - SLIM - RECARGABLE RDKM-906 ROSA,Kit Teclado & Mouse
RE1173,2,MALLA DEPORTIVA SILICONA PARA XIAOMI MI BAND 5 / 6 / 7 NEGRO CON AMARILLO,Malla
RE1174,2,MALLA DEPORTIVA SILICONA PARA XIAOMI MI BAND 5 / 6 / 7 NEGRO CON ROJO,Malla
RE11742,3,MALLA REPUESTO PARA RELOJ 22MM AZUL,Malla
RE11745,1,MALLA REPUESTO PARA RELOJ 20MM GRIS,Malla
RE1177,1,MALLA NYLON PARA XIAOMI MI BAND 7 NEGRO,Malla
RE1180,3,MALLA SILICONA PARA XIAOMI MI BAND 5/ BAND 6/ BAND 7 AZUL M5/M6,Malla
RE52138,1,VIDRIO GLASS SAMSUNG A32 4G LTE + OCA,Vidrio Glass
RE52140,2,VIDRIO GLASS SAM A51 NEGRO +O,Vidrio Glass
RE58281,1,BATERIA IPHONE X TO CON FLEX /05393,Bateria
RT1001,1,TOUCH TPC-51055 V3.0 / FPC-TP070215(708B) / FPC-TP0702015 / FPC-TP070226 / ZJ-70065F / WJ615-V1.0,Tactil
RV1410,2,Repuesto Lb + Rb Joystick Xbox One Todos los Modelos - 1697		,Joystick
RVG110,2,VIDRIO GLASS SAMSUNG J4 PLUS / J6 PLUS / J4 CORE / J6 PRIME + OCA,Vidrio Glass
RVG112,1,VIDRIO GLASS SAMSUNG A30 / A50 / M30 / A50S + OCA,Vidrio Glass
RVG169,1,VIDRIO GLASS MOTO G7 POWER,Vidrio Glass
RVG170,2,VIDRIO GLASS MO G8 PLAY / ONE MACRO + OCA,Vidrio Glass
RVG171,1,VIDRIO GLASS MOTO G8 PLUS +OCA,Vidrio Glass
RVG172,1,VIDRIO GLASS MOTO G8 POWER + OCA,Vidrio Glass
RVG175,1,VIDRIO GLASS MOTO G9 POWER + OCA,Vidrio Glass
RVG182,1,VIDRIO GLASS MOTO E5 / G6 PLAY NEGRO +OCA,Vidrio Glass
RVG187,1,VIDRIO GLASS MOTO E6 PLAY NEGRO + OCA +TACTIL,Vidrio Glass
RVG189,3,VIDRIO GLASS MOTO E7 PLUS / G9 PLAY / G10 / G20 / G30 / ONE FUSION +O,Vidrio Glass
RVG194,1,VIDRIO GLASS LG K50S +OCA,Vidrio Glass
S9310,3,SOPORTE TV FIJO 26 A 55 DINAX DX-STVF2655,Soporte
S933,1,SOPORTE PARA AUTO UNIVERSAL 10767,Soporte
S964,2,SERV TEC TACTIL Y LCD,Servicio Tecnico
SE5310,3,SERVICIO TECNICO SOFTWARE ACTUALIZACION CELULAR,Servicio Tecnico
SE5311,6,SERVICIO TECNICO SOFTWARE C/G CELULAR,Servicio Tecnico
SE5313,19,SERVICIO TECNICO,Servicio Tecnico
SE5314,10,SERVICIO TECNICO NOTE INSTALACION SOFTWARE,Servicio Tecnico
SE5315,2,SERVICIO TECNICO NOTE BATERIA,Servicio Tecnico
SE5316,1,SERVICIO TECNICO ,Servicio Tecnico
SE5318,1,SERVICIO TECNICO REPARACION G41,Servicio Tecnico
SE5320,2,SERVICIO TECNICO INSTALACION DE MODULO A04,Servicio Tecnico
SE5321,3,SERVICIO TECNICO MANTENIMIENTO PS4,Servicio Tecnico
SE5322,1,SERVICIO TECNICO MANTENIMIENTO PS3,Servicio Tecnico
SE5323,6,SERVICIO TECNICO MANTENIMIENTO GABINETE,Servicio Tecnico
SE5324,1,SALDO A FAVOR PLACA REDMI NOTE 11,Servicio Tecnico
SE967,2,CHIP CLARO,Chip
SE969,3,CHIP PERSONAL,Chip
SI5421,1,Silla Ejecutivo Escritorio Gerencial Color Negro / Material del tapizado Cuero sintetico WS6119,Silla
SO5539,2,"TRIPODE PARA CELULARES O CAMARAS DE HASTA 1,02 MTS SKY TR8",Tripode
SO5540,1,"TRIPODE PARA CELULARES O CAMARAS PROFESIONAL DE HASTA 1,40 MTS SKY TR9",Tripode
SO5547,3,SOPORTE PARA CELULAR CON VENTOSA Y GANCHO PARA AUTO 2081-A4,Soporte
SO5560,1,SOPORTE TRANSPARENTE DISEÃ‘OS DE CALCO HD-71019,Soporte
SO5569,1,SOPORTE PARA NOTEBOOK Y TABLET DE METAL 656259/ LX-22,Soporte
SO9317,1,FUNDA SOPORTE PARA CELULAR BICICLETA O MOTO 0722-SUONO,Accesorio
SO9322,1,HOLDER DE AURICULARES DINAX DX-HOLAUXT,Soporte
SPK7354,2,MOUSE INALAMBRICO PHILIPS M354 DUAL WIRELESS 2.4 + BLUETOOTH NEGRO SPK7354,Mouse
SSD480KIN,2,DISCO SOLIDO SSD 480GB KINGSTON A400 SATAIII 2.5,Disco
T1110,2,TECLADO Y MOUSE LOGITECH COMBO MK120 USB,Kit Teclado & Mouse
TE10946,1,TECLADO MULTIMEDIA CABLE NOGA NKB-410,Teclado
TE10966,2,CABLE VARIOS,Cable
TE11120,2,KIT DE TECLADO Y MOUSE INALAMBRICO LOGITECH MK220 920-004430,Kit Teclado & Mouse
TE11122,1,KIT DE TECLADO Y MOUSE INALAMBRICO LOGITECH MK345 920-007820,Kit Teclado & Mouse
TE11130,1,TECLADO Y MOUSE GAMER RETROILUMINADO STOMER NKB-512,Kit Teclado & Mouse
TE5780,1,TECLADO MECANICO SEISA DN-K104,Teclado
TE5788,1,TECLADO GENIUS SLIMSTAR 230 II BLK USB BLACK-0035,Teclado
TE5789,2,TECLADO LOGITECH K120 ESPAÃ‘OL COLOR NEGRO 004422,Teclado
TE5850,1,KIT TECLADO MOUSE GENIUS KM 8101 INALÃMBRICO 2.4GHZ NUMPAD COLOR DEL MOUSE NEGRO COLOR DEL TECLADO NEGROKIT TECLADO MOUSE GENIUS KM 8101 INALÃMBRICO 2.4GHZ NUMPAD,Mousepad
TR-1005,1,CABLE SATA POWER MOLEX DISCOS RIGIDOS 4 PIN NOGA TR-1005,Cable
TV15110,1,ROKU PREMIERE 3920RW 4K NEGRO,Convertidor Smart TV
TVS-ARM-26-63I,3,SOPORTE TV BRAZO MOVIL GLOBAL 26 A 63 VESA INCLINACION 5Â±10Â° HASTA 35KG KIT DE INSTALACION TVS-ARM-26-63I,Soporte
USBAL5M,1,CABLE MACHO A HEMBRA USB 5M ALARGUE,Cable
UTP-10M,3,CABLE DE RED UTP 10 METROS RJ45 CAT 5E UTP-10M,Cable
UTP-5M,2,CABLE DE RED UTP 5 METROS RJ45 CAT 5E UTP-5M,Cable
VI11457,1,FILM GLASS 9D MOTO G8 PLAY,Vidrio Templado
VI11459,2,FILM GLASS 9D MOTO E7 PLUS / A22 5G,Vidrio Templado
VI11462,1,FILM GLASS 9D SAM A21 / A71,Vidrio Templado
VI13688,1,FILM GLASS COMUN SAM A10 / A10S / MOTO G7 / G7 PLUS,Vidrio Templado
VR02,1,LENTES DE REALIDAD VIRTUAL 3D VR BOX 2.0 IMAN REGULABLE INT.CO VR02,Accesorio
VT104,2,FILM GLASS 9D SAM A20 / A30 / A30S / A32,Vidrio Templado
VT118,1,FILM GLASS 9D  / E7 PLUS / A22 5G / A02S / ONE FUSION / G8 POWER,Vidrio Templado
adan005,2,ADAPTADOR HEADPHONE JACK IPHONE 7 LIGHTNING A 3.5MM ADAN005,Adaptador
rl728a,2,KIT 5 DESTORNILLADORES CELUS RL728A,Herramienta
